Customer,Phone Number
Name 1,838-624-728
Name 2,849-965-263
Name 3,866-269-520
Name 4,618-653-443
Name 5,334-183-702
Name 6,982-608-171
Name 7,498-280-920
Name 8,633-728-788
Name 9,237-508-411
Name 10,216-426-352
Name 11,569-114-979
Name 12,969-834-158
Name 13,278-896-588
Name 14,289-745-754
Name 15,169-437-798
Name 16,430-254-571
Name 17,881-628-566
Name 18,216-714-625
Name 19,723-602-413
Name 20,427-123-332
Name 21,606-711-446
Name 22,463-669-788
Name 23,946-495-407
Name 24,363-866-856
Name 25,165-476-213
Name 26,579-825-673
Name 27,193-672-430
Name 28,101-210-839
Name 29,766-921-738
Name 30,671-178-246
Name 31,737-397-534
Name 32,843-337-458
Name 33,718-477-238
Name 34,441-473-819
Name 35,593-729-358
Name 36,878-676-931
Name 37,350-222-298
Name 38,171-243-570
Name 39,177-207-121
Name 40,980-823-227
Name 41,888-311-352
Name 42,297-467-444
Name 43,126-323-376
Name 44,900-496-455
Name 45,931-695-829
Name 46,647-193-225
Name 47,360-409-799
Name 48,757-665-696
Name 49,113-244-590
Name 50,624-468-332
Name 51,753-612-742
Name 52,399-495-778
Name 53,805-123-888
Name 54,382-489-725
Name 55,649-938-564
Name 56,160-286-288
Name 57,810-572-405
Name 58,115-592-561
Name 59,123-358-489
Name 60,286-962-695
Name 61,598-962-112
Name 62,416-556-464
Name 63,735-279-968
Name 64,585-996-725
Name 65,864-659-245
Name 66,125-183-270
Name 67,668-190-948
Name 68,309-528-645
Name 69,815-666-128
Name 70,837-427-401
Name 71,860-550-842
Name 72,248-676-324
Name 73,404-893-995
Name 74,368-490-149
Name 75,741-958-503
Name 76,344-146-972
Name 77,282-831-610
Name 78,823-270-777
Name 79,516-608-354
Name 80,150-801-659
Name 81,521-347-657
Name 82,192-363-212
Name 83,840-653-881
Name 84,359-913-633
Name 85,168-363-891
Name 86,355-849-338
Name 87,674-460-884
Name 88,874-457-702
Name 89,974-608-589
Name 90,722-787-110
Name 91,205-339-665
Name 92,640-770-657
Name 93,307-635-802
Name 94,794-101-105
Name 95,403-278-468
Name 96,293-644-179
Name 97,401-351-984
Name 98,247-282-341
Name 99,608-908-629
Name 100,515-728-911
Name 101,494-751-920
Name 102,406-286-461
Name 103,910-304-221
Name 104,626-398-830
Name 105,269-478-153
Name 106,217-789-353
Name 107,400-815-160
Name 108,674-641-194
Name 109,611-112-762
Name 110,462-284-847
Name 111,703-216-442
Name 112,890-187-757
Name 113,186-477-323
Name 114,447-664-816
Name 115,504-426-794
Name 116,795-803-133
Name 117,982-331-529
Name 118,983-150-447
Name 119,790-226-669
Name 120,831-582-994
Name 121,419-537-320
Name 122,944-226-223
Name 123,648-962-321
Name 124,944-280-361
Name 125,343-896-494
Name 126,289-592-399
Name 127,796-355-685
Name 128,762-871-402
Name 129,291-277-717
Name 130,632-887-649
Name 131,977-644-905
Name 132,451-250-546
Name 133,953-548-475
Name 134,948-500-267
Name 135,197-295-839
Name 136,895-660-788
Name 137,495-281-453
Name 138,531-379-804
Name 139,792-112-753
Name 140,736-495-408
Name 141,293-955-623
Name 142,786-231-971
Name 143,553-816-575
Name 144,248-562-716
Name 145,588-163-151
Name 146,655-225-399
Name 147,202-874-640
Name 148,805-703-532
Name 149,650-909-445
Name 150,337-690-636
Name 151,775-151-787
Name 152,646-700-811
Name 153,527-182-873
Name 154,220-192-405
Name 155,370-415-107
Name 156,741-495-269
Name 157,607-419-787
Name 158,685-468-208
Name 159,248-998-649
Name 160,701-558-700
Name 161,969-155-861
Name 162,701-754-426
Name 163,824-196-245
Name 164,304-762-886
Name 165,557-533-577
Name 166,113-682-919
Name 167,296-987-371
Name 168,617-355-685
Name 169,989-480-486
Name 170,265-798-876
Name 171,885-516-304
Name 172,145-577-208
Name 173,765-206-570
Name 174,875-366-995
Name 175,894-128-233
Name 176,120-935-859
Name 177,808-794-981
Name 178,822-343-825
Name 179,618-746-586
Name 180,242-524-674
Name 181,134-722-661
Name 182,423-440-302
Name 183,193-828-773
Name 184,463-891-440
Name 185,940-809-196
Name 186,959-845-607
Name 187,318-862-663
Name 188,524-904-337
Name 189,999-943-114
Name 190,602-777-377
Name 191,637-758-654
Name 192,280-344-974
Name 193,698-119-731
Name 194,832-620-299
Name 195,988-465-255
Name 196,532-802-308
Name 197,123-196-121
Name 198,153-983-248
Name 199,611-880-556
Name 200,178-954-941
Name 201,591-834-688
Name 202,407-866-905
Name 203,716-951-171
Name 204,116-258-509
Name 205,101-822-612
Name 206,788-892-539
Name 207,572-618-476
Name 208,853-796-353
Name 209,415-371-984
Name 210,206-388-862
Name 211,583-272-768
Name 212,293-392-963
Name 213,109-691-433
Name 214,995-409-423
Name 215,425-394-366
Name 216,298-923-358
Name 217,511-523-681
Name 218,924-200-504
Name 219,126-137-779
Name 220,114-495-151
Name 221,387-390-585
Name 222,617-630-231
Name 223,908-574-517
Name 224,547-386-908
Name 225,266-544-257
Name 226,792-121-373
Name 227,197-290-842
Name 228,418-551-890
Name 229,292-588-175
Name 230,830-900-419
Name 231,524-357-564
Name 232,366-638-838
Name 233,336-915-535
Name 234,127-849-378
Name 235,656-266-116
Name 236,439-912-706
Name 237,226-355-651
Name 238,340-434-184
Name 239,314-476-642
Name 240,335-318-106
Name 241,137-210-998
Name 242,239-462-323
Name 243,313-567-651
Name 244,967-167-355
Name 245,733-549-630
Name 246,246-545-971
Name 247,887-548-826
Name 248,528-199-466
Name 249,158-790-635
Name 250,172-668-655
Name 251,300-677-983
Name 252,750-368-402
Name 253,432-336-216
Name 254,353-694-749
Name 255,857-404-495
Name 256,964-791-688
Name 257,421-329-576
Name 258,726-430-943
Name 259,860-692-372
Name 260,126-664-605
Name 261,218-838-136
Name 262,519-845-190
Name 263,511-398-460
Name 264,797-350-134
Name 265,900-700-328
Name 266,349-753-764
Name 267,520-670-524
Name 268,697-452-761
Name 269,875-716-709
Name 270,253-517-937
Name 271,146-902-799
Name 272,238-119-271
Name 273,280-713-315
Name 274,754-946-221
Name 275,919-671-381
Name 276,764-818-246
Name 277,355-301-619
Name 278,414-317-104
Name 279,463-886-820
Name 280,920-791-859
Name 281,733-955-525
Name 282,297-370-495
Name 283,978-497-787
Name 284,367-802-524
Name 285,224-949-840
Name 286,896-285-190
Name 287,872-148-612
Name 288,246-813-986
Name 289,973-176-532
Name 290,294-213-462
Name 291,160-882-748
Name 292,729-431-436
Name 293,901-331-308
Name 294,539-485-560
Name 295,249-501-877
Name 296,427-681-318
Name 297,625-320-197
Name 298,496-666-697
Name 299,353-335-192
Name 300,454-294-709
Name 301,161-188-781
Name 302,802-564-398
Name 303,786-212-490
Name 304,595-313-302
Name 305,126-344-290
Name 306,775-548-825
Name 307,424-730-888
Name 308,372-360-849
Name 309,458-590-963
Name 310,608-801-330
Name 311,268-119-239
Name 312,806-615-656
Name 313,381-766-765
Name 314,273-479-726
Name 315,834-598-987
Name 316,269-525-871
Name 317,195-690-960
Name 318,960-314-711
Name 319,143-599-942
Name 320,278-716-845
Name 321,813-483-648
Name 322,103-251-299
Name 323,602-294-390
Name 324,436-169-899
Name 325,771-340-547
Name 326,124-494-770
Name 327,570-344-647
Name 328,592-817-560
Name 329,573-975-909
Name 330,783-949-681
Name 331,692-708-685
Name 332,886-320-535
Name 333,252-556-364
Name 334,199-877-590
Name 335,196-827-791
Name 336,179-200-953
Name 337,862-933-545
Name 338,240-770-603
Name 339,195-410-222
Name 340,107-340-838
Name 341,946-345-331
Name 342,566-847-645
Name 343,686-555-841
Name 344,277-445-757
Name 345,820-951-512
Name 346,102-215-407
Name 347,179-604-842
Name 348,289-177-276
Name 349,382-584-713
Name 350,781-427-650
Name 351,269-147-755
Name 352,769-852-826
Name 353,220-833-120
Name 354,961-535-243
Name 355,524-747-787
Name 356,150-736-136
Name 357,970-466-280
Name 358,153-708-516
Name 359,832-518-864
Name 360,772-942-257
Name 361,977-709-777
Name 362,208-977-149
Name 363,829-973-818
Name 364,822-933-360
Name 365,511-607-304
Name 366,976-543-359
Name 367,814-558-489
Name 368,557-618-736
Name 369,970-121-788
Name 370,510-897-638
Name 371,586-808-679
Name 372,246-245-510
Name 373,457-155-965
Name 374,397-848-318
Name 375,431-207-360
Name 376,736-963-613
Name 377,752-620-455
Name 378,805-933-496
Name 379,773-442-526
Name 380,163-509-144
Name 381,398-727-881
Name 382,500-969-574
Name 383,143-203-929
Name 384,503-572-218
Name 385,360-845-555
Name 386,305-298-822
Name 387,553-444-176
Name 388,303-730-512
Name 389,703-681-475
Name 390,857-349-590
Name 391,129-775-168
Name 392,614-723-940
Name 393,191-627-711
Name 394,200-830-894
Name 395,912-266-134
Name 396,282-598-154
Name 397,427-145-622
Name 398,977-453-933
Name 399,921-510-538
Name 400,523-559-711
Name 401,560-842-925
Name 402,166-371-217
Name 403,207-225-955
Name 404,257-605-418
Name 405,916-403-353
Name 406,778-742-171
Name 407,957-491-725
Name 408,451-219-439
Name 409,136-333-345
Name 410,175-832-874
Name 411,966-724-790
Name 412,381-799-752
Name 413,805-327-303
Name 414,659-545-856
Name 415,959-119-792
Name 416,632-796-369
Name 417,113-437-520
Name 418,954-637-927
Name 419,656-320-136
Name 420,307-654-757
Name 421,598-930-613
Name 422,158-348-861
Name 423,924-390-584
Name 424,198-377-193
Name 425,170-156-245
Name 426,253-953-211
Name 427,807-747-133
Name 428,971-481-791
Name 429,174-315-128
Name 430,452-660-770
Name 431,445-264-477
Name 432,663-422-798
Name 433,293-663-737
Name 434,170-914-518
Name 435,324-588-310
Name 436,579-916-181
Name 437,290-326-306
Name 438,276-436-754
Name 439,138-880-122
Name 440,221-599-321
Name 441,806-583-444
Name 442,827-811-891
Name 443,908-704-559
Name 444,979-118-785
Name 445,766-813-269
Name 446,713-619-462
Name 447,179-833-520
Name 448,201-405-992
Name 449,414-177-440
Name 450,860-598-437
Name 451,812-617-323
Name 452,219-839-310
Name 453,549-420-554
Name 454,948-738-850
Name 455,484-257-822
Name 456,115-457-381
Name 457,426-941-601
Name 458,302-474-713
Name 459,938-320-146
Name 460,284-912-726
Name 461,437-344-776
Name 462,395-294-793
Name 463,227-189-729
Name 464,716-590-775
Name 465,893-440-183
Name 466,820-569-728
Name 467,885-138-833
Name 468,473-353-228
Name 469,691-615-933
Name 470,811-376-837
Name 471,457-695-190
Name 472,223-652-566
Name 473,976-812-240
Name 474,221-285-477
Name 475,483-460-647
Name 476,989-820-721
Name 477,202-964-660
Name 478,921-507-741
Name 479,390-715-595
Name 480,160-192-345
Name 481,631-811-629
Name 482,887-105-336
Name 483,331-801-671
Name 484,946-174-310
Name 485,359-579-645
Name 486,552-964-616
Name 487,411-385-413
Name 488,465-452-567
Name 489,548-226-717
Name 490,484-453-465
Name 491,996-513-634
Name 492,832-123-118
Name 493,682-353-374
Name 494,164-850-992
Name 495,577-630-720
Name 496,785-937-615
Name 497,953-343-551
Name 498,960-934-481
Name 499,940-731-228
Name 500,500-752-112
Name 501,116-267-553
Name 502,704-333-731
Name 503,717-920-102
Name 504,339-766-582
Name 505,411-221-599
Name 506,936-610-231
Name 507,555-487-324
Name 508,790-498-356
Name 509,993-122-513
Name 510,987-624-911
Name 511,219-644-756
Name 512,991-393-770
Name 513,206-552-115
Name 514,590-187-987
Name 515,291-238-453
Name 516,856-557-671
Name 517,492-102-162
Name 518,442-711-391
Name 519,407-679-529
Name 520,126-638-830
Name 521,323-901-422
Name 522,399-361-118
Name 523,180-463-124
Name 524,880-658-532
Name 525,566-126-105
Name 526,229-652-708
Name 527,655-714-471
Name 528,800-768-853
Name 529,770-786-330
Name 530,913-580-870
Name 531,311-921-300
Name 532,374-701-833
Name 533,624-309-334
Name 534,237-746-556
Name 535,373-416-959
Name 536,926-485-265
Name 537,386-660-149
Name 538,808-953-131
Name 539,880-219-260
Name 540,256-853-395
Name 541,256-818-819
Name 542,687-466-222
Name 543,603-355-511
Name 544,371-361-671
Name 545,417-406-906
Name 546,432-513-541
Name 547,381-798-250
Name 548,491-263-420
Name 549,899-486-568
Name 550,787-731-403
Name 551,608-501-807
Name 552,707-759-631
Name 553,242-274-294
Name 554,930-734-269
Name 555,948-633-927
Name 556,810-892-830
Name 557,432-612-586
Name 558,392-430-109
Name 559,603-735-873
Name 560,956-372-532
Name 561,298-435-774
Name 562,780-936-756
Name 563,273-449-997
Name 564,970-870-343
Name 565,369-486-246
Name 566,232-516-875
Name 567,961-792-374
Name 568,447-165-947
Name 569,794-680-177
Name 570,974-951-662
Name 571,788-771-560
Name 572,844-160-571
Name 573,943-819-995
Name 574,550-426-477
Name 575,912-941-263
Name 576,792-634-334
Name 577,482-629-567
Name 578,662-811-544
Name 579,583-676-890
Name 580,195-301-843
Name 581,611-324-733
Name 582,864-671-147
Name 583,129-562-533
Name 584,353-512-815
Name 585,957-486-167
Name 586,533-895-712
Name 587,862-537-614
Name 588,342-685-245
Name 589,373-221-887
Name 590,662-390-876
Name 591,438-839-728
Name 592,196-292-898
Name 593,403-681-101
Name 594,966-805-624
Name 595,356-782-180
Name 596,355-984-497
Name 597,560-978-327
Name 598,453-156-622
Name 599,318-125-569
Name 600,597-557-588
Name 601,641-529-843
Name 602,730-610-520
Name 603,948-922-855
Name 604,881-397-896
Name 605,221-438-999
Name 606,119-864-238
Name 607,676-124-477
Name 608,825-705-685
Name 609,680-512-969
Name 610,125-401-674
Name 611,711-898-978
Name 612,360-613-884
Name 613,361-891-511
Name 614,521-249-782
Name 615,310-178-552
Name 616,774-778-854
Name 617,392-530-470
Name 618,156-656-283
Name 619,823-103-830
Name 620,722-222-995
Name 621,176-665-356
Name 622,783-507-493
Name 623,895-109-159
Name 624,705-181-114
Name 625,415-644-370
Name 626,461-335-594
Name 627,994-147-161
Name 628,647-648-366
Name 629,575-736-318
Name 630,626-299-898
Name 631,767-862-268
Name 632,495-769-321
Name 633,843-956-274
Name 634,328-611-712
Name 635,691-587-359
Name 636,832-761-652
Name 637,266-105-744
Name 638,295-378-574
Name 639,142-211-609
Name 640,814-839-428
Name 641,549-335-178
Name 642,898-400-432
Name 643,777-331-894
Name 644,339-432-834
Name 645,486-165-469
Name 646,713-681-191
Name 647,380-399-324
Name 648,503-225-233
Name 649,457-962-449
Name 650,799-531-451
Name 651,761-648-439
Name 652,639-729-863
Name 653,178-791-508
Name 654,149-952-439
Name 655,127-703-334
Name 656,710-664-898
Name 657,214-537-115
Name 658,777-141-414
Name 659,852-169-594
Name 660,660-148-802
Name 661,106-827-189
Name 662,940-865-504
Name 663,875-423-208
Name 664,285-975-948
Name 665,921-901-734
Name 666,954-832-828
Name 667,196-733-684
Name 668,524-370-610
Name 669,909-786-462
Name 670,307-738-403
Name 671,197-689-453
Name 672,578-552-836
Name 673,611-183-703
Name 674,259-569-205
Name 675,739-496-377
Name 676,926-911-869
Name 677,111-743-624
Name 678,596-506-871
Name 679,385-195-469
Name 680,158-510-968
Name 681,895-100-867
Name 682,249-919-490
Name 683,480-568-686
Name 684,529-662-470
Name 685,831-892-382
Name 686,657-609-126
Name 687,637-858-414
Name 688,450-450-429
Name 689,623-332-741
Name 690,857-346-268
Name 691,168-517-427
Name 692,617-486-688
Name 693,361-210-664
Name 694,261-587-848
Name 695,831-219-508
Name 696,527-304-522
Name 697,631-228-711
Name 698,545-115-224
Name 699,252-830-111
Name 700,546-746-623
Name 701,878-466-938
Name 702,847-874-546
Name 703,990-269-399
Name 704,794-273-122
Name 705,256-310-166
Name 706,299-691-244
Name 707,626-381-887
Name 708,239-995-192
Name 709,912-159-979
Name 710,615-422-663
Name 711,400-715-666
Name 712,968-476-770
Name 713,526-545-707
Name 714,549-669-542
Name 715,261-398-954
Name 716,279-977-823
Name 717,146-150-265
Name 718,250-674-373
Name 719,218-867-920
Name 720,953-170-374
Name 721,525-401-983
Name 722,713-836-638
Name 723,394-602-387
Name 724,538-598-899
Name 725,416-325-454
Name 726,632-360-299
Name 727,724-344-792
Name 728,458-725-232
Name 729,480-861-331
Name 730,150-898-983
Name 731,895-557-620
Name 732,905-125-501
Name 733,674-829-525
Name 734,382-350-398
Name 735,260-618-334
Name 736,132-943-838
Name 737,837-434-159
Name 738,642-582-712
Name 739,313-616-511
Name 740,297-905-138
Name 741,459-875-940
Name 742,489-409-822
Name 743,772-936-600
Name 744,838-493-744
Name 745,972-538-326
Name 746,512-326-256
Name 747,345-338-739
Name 748,752-112-518
Name 749,834-930-160
Name 750,119-657-153
Name 751,264-145-247
Name 752,975-198-562
Name 753,933-442-695
Name 754,369-680-520
Name 755,414-926-724
Name 756,485-639-657
Name 757,800-867-159
Name 758,758-666-111
Name 759,652-409-934
Name 760,263-787-732
Name 761,764-647-369
Name 762,254-825-970
Name 763,600-827-376
Name 764,525-383-137
Name 765,840-339-422
Name 766,179-628-735
Name 767,968-197-439
Name 768,460-444-366
Name 769,675-426-207
Name 770,295-233-909
Name 771,530-708-662
Name 772,905-534-771
Name 773,643-943-964
Name 774,300-877-349
Name 775,561-621-598
Name 776,934-778-967
Name 777,167-793-312
Name 778,934-863-936
Name 779,426-404-812
Name 780,709-677-334
Name 781,966-978-628
Name 782,846-420-823
Name 783,794-165-730
Name 784,789-287-871
Name 785,244-412-463
Name 786,539-335-818
Name 787,268-483-774
Name 788,411-755-304
Name 789,965-498-211
Name 790,607-433-980
Name 791,999-372-559
Name 792,764-756-564
Name 793,125-724-319
Name 794,947-956-389
Name 795,142-840-677
Name 796,461-574-434
Name 797,881-983-488
Name 798,371-323-493
Name 799,576-278-565
Name 800,832-251-487
Name 801,763-255-801
Name 802,644-609-830
Name 803,978-562-787
Name 804,962-204-613
Name 805,797-383-876
Name 806,432-783-146
Name 807,710-578-378
Name 808,558-587-743
Name 809,858-374-670
Name 810,889-415-577
Name 811,625-576-541
Name 812,726-536-843
Name 813,770-491-845
Name 814,266-210-505
Name 815,817-958-140
Name 816,160-554-286
Name 817,305-212-812
Name 818,297-220-930
Name 819,808-492-132
Name 820,400-593-196
Name 821,300-806-719
Name 822,706-470-537
Name 823,656-536-159
Name 824,141-160-875
Name 825,949-237-237
Name 826,616-110-449
Name 827,520-726-917
Name 828,399-606-457
Name 829,147-542-296
Name 830,564-865-179
Name 831,262-914-621
Name 832,708-264-711
Name 833,460-243-507
Name 834,205-296-545
Name 835,436-499-124
Name 836,471-932-364
Name 837,403-154-235
Name 838,170-515-601
Name 839,948-638-837
Name 840,459-589-196
Name 841,717-199-570
Name 842,681-550-120
Name 843,161-944-605
Name 844,688-769-323
Name 845,651-867-848
Name 846,600-488-204
Name 847,323-349-490
Name 848,151-926-717
Name 849,594-701-761
Name 850,275-220-686
Name 851,726-399-892
Name 852,993-581-432
Name 853,559-332-612
Name 854,100-405-799
Name 855,574-289-358
Name 856,946-433-641
Name 857,592-563-689
Name 858,573-246-662
Name 859,553-850-441
Name 860,661-205-384
Name 861,362-408-228
Name 862,998-453-431
Name 863,373-785-958
Name 864,860-793-366
Name 865,477-549-784
Name 866,310-110-503
Name 867,440-316-812
Name 868,653-466-344
Name 869,756-576-109
Name 870,393-683-923
Name 871,413-685-698
Name 872,325-598-629
Name 873,222-380-397
Name 874,963-933-631
Name 875,488-860-869
Name 876,490-189-497
Name 877,832-154-140
Name 878,361-884-340
Name 879,114-644-280
Name 880,889-653-539
Name 881,954-390-955
Name 882,508-510-329
Name 883,440-954-365
Name 884,388-374-922
Name 885,196-113-778
Name 886,197-397-925
Name 887,614-393-622
Name 888,124-268-482
Name 889,493-805-554
Name 890,508-734-408
Name 891,604-328-669
Name 892,394-867-702
Name 893,778-960-345
Name 894,270-239-861
Name 895,420-959-659
Name 896,976-962-552
Name 897,113-707-999
Name 898,668-868-480
Name 899,240-383-324
Name 900,814-240-960
Name 901,961-960-406
Name 902,310-682-875
Name 903,213-341-610
Name 904,120-839-428
Name 905,194-512-494
Name 906,529-850-164
Name 907,282-678-128
Name 908,252-464-974
Name 909,550-974-146
Name 910,401-872-807
Name 911,336-338-595
Name 912,191-655-830
Name 913,599-435-407
Name 914,247-189-392
Name 915,579-738-620
Name 916,870-331-423
Name 917,400-337-753
Name 918,244-649-865
Name 919,196-746-970
Name 920,725-989-579
Name 921,713-121-903
Name 922,541-601-923
Name 923,172-785-551
Name 924,137-660-883
Name 925,658-668-140
Name 926,927-967-218
Name 927,283-772-445
Name 928,681-314-742
Name 929,321-324-943
Name 930,382-207-801
Name 931,363-334-622
Name 932,682-517-737
Name 933,140-375-159
Name 934,295-285-183
Name 935,414-400-410
Name 936,565-693-215
Name 937,881-391-587
Name 938,433-431-434
Name 939,814-751-511
Name 940,756-436-777
Name 941,921-529-663
Name 942,604-246-218
Name 943,433-462-457
Name 944,297-633-497
Name 945,765-232-120
Name 946,814-150-568
Name 947,306-146-850
Name 948,232-894-770
Name 949,403-689-924
Name 950,977-925-834
Name 951,319-833-499
Name 952,143-962-335
Name 953,348-230-173
Name 954,419-539-702
Name 955,786-623-653
Name 956,659-654-665
Name 957,843-642-234
Name 958,382-279-289
Name 959,689-599-261
Name 960,548-126-399
Name 961,630-453-554
Name 962,848-595-628
Name 963,625-767-916
Name 964,211-908-511
Name 965,254-214-310
Name 966,969-749-582
Name 967,521-395-459
Name 968,197-242-356
Name 969,148-189-855
Name 970,659-774-984
Name 971,954-991-972
Name 972,842-396-534
Name 973,936-270-528
Name 974,437-733-338
Name 975,877-947-355
Name 976,599-154-122
Name 977,114-440-854
Name 978,478-373-450
Name 979,683-744-699
Name 980,672-696-461
Name 981,357-281-863
Name 982,522-495-941
Name 983,691-452-414
Name 984,997-466-210
Name 985,964-571-698
Name 986,254-156-553
Name 987,476-804-881
Name 988,481-254-119
Name 989,151-582-797
Name 990,330-946-689
Name 991,237-595-647
Name 992,697-157-175
Name 993,717-146-940
Name 994,421-489-749
Name 995,466-419-368
Name 996,740-188-224
Name 997,857-102-583
Name 998,909-986-910
Name 999,191-807-916
Name 1000,617-949-637
Name 1001,205-295-855
Name 1002,120-137-224
Name 1003,624-787-736
Name 1004,518-363-758
Name 1005,182-357-343
Name 1006,190-642-767
Name 1007,102-555-416
Name 1008,747-644-895
Name 1009,695-682-766
Name 1010,416-406-433
Name 1011,667-372-214
Name 1012,535-553-975
Name 1013,528-312-917
Name 1014,811-431-848
Name 1015,642-549-659
Name 1016,294-169-300
Name 1017,251-475-337
Name 1018,755-336-201
Name 1019,939-463-788
Name 1020,728-899-171
Name 1021,562-764-925
Name 1022,361-197-325
Name 1023,701-258-341
Name 1024,436-932-257
Name 1025,783-152-411
Name 1026,665-457-264
Name 1027,239-610-807
Name 1028,394-745-552
Name 1029,185-126-527
Name 1030,902-225-828
Name 1031,231-802-128
Name 1032,366-828-682
Name 1033,225-611-282
Name 1034,315-159-458
Name 1035,865-342-516
Name 1036,590-297-521
Name 1037,147-283-183
Name 1038,522-148-441
Name 1039,449-821-613
Name 1040,604-449-997
Name 1041,898-252-984
Name 1042,992-244-732
Name 1043,349-394-506
Name 1044,376-198-119
Name 1045,722-708-375
Name 1046,496-777-984
Name 1047,276-810-681
Name 1048,180-654-758
Name 1049,880-721-313
Name 1050,959-562-508
Name 1051,500-231-463
Name 1052,245-474-311
Name 1053,838-198-997
Name 1054,999-670-823
Name 1055,209-715-723
Name 1056,465-838-718
Name 1057,121-710-769
Name 1058,543-602-974
Name 1059,884-643-431
Name 1060,870-683-212
Name 1061,354-660-796
Name 1062,800-543-159
Name 1063,504-543-796
Name 1064,976-172-638
Name 1065,900-717-502
Name 1066,565-907-968
Name 1067,256-130-498
Name 1068,777-984-630
Name 1069,606-539-542
Name 1070,192-951-435
Name 1071,816-921-955
Name 1072,872-940-892
Name 1073,786-609-150
Name 1074,745-686-964
Name 1075,629-792-568
Name 1076,946-108-221
Name 1077,503-174-330
Name 1078,740-940-151
Name 1079,406-714-458
Name 1080,667-727-404
Name 1081,247-328-288
Name 1082,117-351-908
Name 1083,274-687-522
Name 1084,968-613-721
Name 1085,432-329-779
Name 1086,470-742-324
Name 1087,899-354-269
Name 1088,463-536-769
Name 1089,686-335-875
Name 1090,511-300-890
Name 1091,825-248-343
Name 1092,562-555-349
Name 1093,322-261-677
Name 1094,992-450-280
Name 1095,154-543-938
Name 1096,877-389-611
Name 1097,159-415-517
Name 1098,478-107-140
Name 1099,955-242-585
Name 1100,845-343-629
Name 1101,801-995-877
Name 1102,286-296-771
Name 1103,689-924-663
Name 1104,122-142-632
Name 1105,600-901-131
Name 1106,747-434-693
Name 1107,261-967-668
Name 1108,285-462-629
Name 1109,516-373-687
Name 1110,838-844-204
Name 1111,770-452-572
Name 1112,640-253-479
Name 1113,717-140-168
Name 1114,946-347-166
Name 1115,143-841-147
Name 1116,685-699-413
Name 1117,696-546-483
Name 1118,203-560-300
Name 1119,202-839-478
Name 1120,215-549-101
Name 1121,156-565-681
Name 1122,935-307-446
Name 1123,909-881-381
Name 1124,442-234-230
Name 1125,190-870-414
Name 1126,794-299-737
Name 1127,815-891-662
Name 1128,957-676-909
Name 1129,599-333-396
Name 1130,189-432-286
Name 1131,450-213-634
Name 1132,160-909-894
Name 1133,687-506-854
Name 1134,830-630-722
Name 1135,271-552-326
Name 1136,271-670-441
Name 1137,729-551-762
Name 1138,250-323-560
Name 1139,641-420-541
Name 1140,174-657-861
Name 1141,253-446-767
Name 1142,841-612-453
Name 1143,635-958-872
Name 1144,636-780-444
Name 1145,547-460-144
Name 1146,627-175-599
Name 1147,325-993-495
Name 1148,800-951-489
Name 1149,247-459-514
Name 1150,731-334-469
Name 1151,401-374-539
Name 1152,323-546-217
Name 1153,837-820-975
Name 1154,299-544-680
Name 1155,387-313-746
Name 1156,700-769-872
Name 1157,355-343-293
Name 1158,570-717-730
Name 1159,673-245-517
Name 1160,325-745-289
Name 1161,128-911-301
Name 1162,440-374-753
Name 1163,158-426-449
Name 1164,136-195-697
Name 1165,416-556-566
Name 1166,905-764-634
Name 1167,772-429-907
Name 1168,175-898-870
Name 1169,562-903-358
Name 1170,246-536-376
Name 1171,715-177-530
Name 1172,494-199-312
Name 1173,343-451-565
Name 1174,104-260-648
Name 1175,680-431-765
Name 1176,564-122-126
Name 1177,527-330-142
Name 1178,688-778-389
Name 1179,629-774-619
Name 1180,261-382-782
Name 1181,989-427-768
Name 1182,818-644-393
Name 1183,481-124-554
Name 1184,891-376-656
Name 1185,506-475-307
Name 1186,254-914-914
Name 1187,547-125-435
Name 1188,452-906-407
Name 1189,343-952-689
Name 1190,835-510-956
Name 1191,803-316-704
Name 1192,673-295-621
Name 1193,702-890-241
Name 1194,760-564-246
Name 1195,805-491-860
Name 1196,671-510-553
Name 1197,534-216-730
Name 1198,235-264-902
Name 1199,880-593-466
Name 1200,297-234-252
Name 1201,470-237-262
Name 1202,154-810-780
Name 1203,167-490-366
Name 1204,807-576-250
Name 1205,324-784-775
Name 1206,517-472-731
Name 1207,833-103-588
Name 1208,276-999-252
Name 1209,813-156-238
Name 1210,348-131-745
Name 1211,356-574-889
Name 1212,133-545-772
Name 1213,286-595-410
Name 1214,980-779-362
Name 1215,168-565-546
Name 1216,404-573-323
Name 1217,701-406-139
Name 1218,989-324-271
Name 1219,418-279-400
Name 1220,514-587-146
Name 1221,523-844-955
Name 1222,260-957-904
Name 1223,697-323-151
Name 1224,642-714-787
Name 1225,309-546-114
Name 1226,988-875-506
Name 1227,593-894-523
Name 1228,647-983-460
Name 1229,242-235-938
Name 1230,246-652-462
Name 1231,234-474-813
Name 1232,815-912-290
Name 1233,417-162-755
Name 1234,600-868-725
Name 1235,350-328-444
Name 1236,194-406-819
Name 1237,841-895-676
Name 1238,674-387-629
Name 1239,144-986-553
Name 1240,297-517-356
Name 1241,423-319-325
Name 1242,662-331-668
Name 1243,737-883-280
Name 1244,322-463-634
Name 1245,591-381-384
Name 1246,638-893-827
Name 1247,841-179-311
Name 1248,513-534-528
Name 1249,866-391-504
Name 1250,954-456-973
Name 1251,702-609-120
Name 1252,191-288-709
Name 1253,729-242-801
Name 1254,308-355-495
Name 1255,798-686-546
Name 1256,833-571-497
Name 1257,743-102-255
Name 1258,423-918-419
Name 1259,664-556-774
Name 1260,810-216-756
Name 1261,903-629-518
Name 1262,619-505-227
Name 1263,770-386-340
Name 1264,752-522-136
Name 1265,561-485-511
Name 1266,884-703-118
Name 1267,381-104-734
Name 1268,675-647-716
Name 1269,307-102-260
Name 1270,987-172-278
Name 1271,707-555-627
Name 1272,604-353-962
Name 1273,204-383-553
Name 1274,343-390-622
Name 1275,234-901-446
Name 1276,581-903-627
Name 1277,162-744-999
Name 1278,770-329-306
